Love Story,F | Ab | Db Eb | F
Meet Her at the Loveparade - Radio Edit,C | C | C | C
Blue Monday,( Ab G | F ) x3 ( Bb↑ Eb | F ) x1
Heads Will Roll - A-Trak Remix,( C Bb | Eb↑ ) x2  ( C F | G↑ ) x2
Rise Up,F | Ab | C↑ | C↑
Satisfaction,Bb | Bb | Bb | Bb
I Will Find,Bb | A | D↓ | D↓
Infinity 2008 - Klaas Vocal Edit,Db | F | Ab | Eb 
Blinding Lights,Bb↑ | Bb↑ | F | F | Ab | Ab | Eb | Eb
Toca's Miracle - 2000 Extended Mix,Db | Db Eb | F | F Eb
Music Is The Answer (Dancin' & Prancin'),BbBb F↑F↑ Ab↓ (não é reto)
Pump It Up - Radio Edit,Bb | Bb | Bb | Bb
Party All the Time,Bb | Bb | Bb | Bb
Physical,Bb↑ | Bb↑ | F | F | Db | Db | Eb | Eb 
I'll Fly With You,F | A | D↑ | Bb↑
What's a Girl to Do,Bb | Bb Ab↓ | Db | Eb 
